blurb,content,pledged,category
10,105,339,Art
2,46,143,Art
6,127,1065,Art
12,80,80,Art
12,89,0,Art
7,60,130,Art
5,219,2715,Art
10,302,5125,Art
11,47,25,Art
10,19,0,Art
6,82,320,Art
10,245,20,Art
6,261,324.3,Art
11,241,210,Art
8,141,2168,Art
6,138,5239,Art
3,156,15,Art
4,59,3707,Art
9,135,4020,Art
11,128,0,Art
5,541,505,Art
5,139,0,Art
12,137,0,Art
8,67,1815,Art
3,61,368,Art
9,104,100,Art
8,211,45,Art
6,14,3978.03,Art
8,38,0,Art
8,451,5537,Art
7,62,2030.5,Art
6,261,2195,Art
9,95,7882,Art
13,35,0,Art
6,244,0,Art
7,60,766.36,Art
8,22,85.02,Art
0,158,70,Art
9,282,7667,Art
10,124,11,Art
5,38,15,Art
7,141,5335,Art
6,175,8248.11,Art
11,31,470,Art
8,230,154,Art
10,56,61,Art
7,11,240,Art
7,70,10265,Art
12,58,40,Art
6,232,420,Art
10,121,516,Art
10,31,0,Art
4,86,0,Art
7,383,114,Art
9,135,230,Art
8,328,6364,Art
9,190,2300,Art
6,248,100,Art
10,137,1601,Art
14,90,500,Art
10,238,2082,Art
4,137,1214,Art
10,304,2007.5,Art
8,66,130,Art
12,231,1,Art
11,624,6,Art
10,743,18396,Art
0,79,6,Art
8,39,0,Art
8,39,3,Art
6,193,2436,Art
3,401,18246,Art
8,380,4479.34,Art
10,16,3246,Art
3,169,400,Art
13,346,300,Art
12,82,10,Art
8,62,0,Art
9,206,300,Art
10,251,4260,Art
4,55,4982,Art
8,57,18537,Art
15,227,2085,Art
8,108,22579.88,Art
11,197,0,Art
10,313,1305,Art
13,279,675,Art
12,42,25,Art
7,2,1021,Art
5,71,0,Art
8,87,756,Art
10,109,3805,Art
6,18,95,Art
12,189,0,Art
6,67,776,Art
9,73,0,Art
9,160,0,Art
13,62,60,Art
10,87,0,Art
11,226,2008,Art
4,40,0,Art
4,213,16943,Art
12,132,2200,Art
8,133,1086,Art
9,167,150,Art
10,119,55,Art
9,129,370,Art
10,19,417,Art
9,165,875,Art
9,94,190,Art
11,85,0,Art
11,208,7962,Art
10,246,5,Art
3,273,850,Art
7,552,0,Art
0,99,10,Art
13,257,2871,Art
14,316,8,Art
10,126,5627.99,Art
9,14,12,Art
8,64,0,Art
10,15,0,Art
5,266,6773,Art
10,172,0,Art
8,48,80,Art
7,77,2822,Art
10,241,164,Art
1,7,0,Art
9,478,6525,Art
10,97,0,Art
6,442,5600.33,Art
3,40,20,Art
10,370,7448,Art
3,134,160,Art
7,62,10,Art
11,81,1859.7,Art
5,89,1075,Art
7,228,15870,Art
5,608,6769,Art
8,56,0,Art
5,466,2705,Art
10,37,0,Art
12,13,0,Art
9,323,120,Art
1,556,16,Art
5,57,1100,Art
8,119,570,Art
10,127,5220.57,Art
11,150,639,Art
11,86,0,Art
4,34,1267,Art
8,144,1,Art
5,180,119,Art
6,219,1331.66,Art
9,294,4465,Art
15,265,35,Art
7,282,508,Art
2,44,258,Art
11,35,935,Art
9,200,1675,Art
9,409,10033.1,Art
6,446,2595,Art
7,37,80,Art
14,78,0,Art
11,6,50,Art
10,8,0,Art
10,57,0,Art
6,351,17098.62,Art
14,138,110,Art
2,266,5080,Art
7,63,0,Art
4,112,65,Art
0,118,30,Art
8,217,4875.6,Art
12,19,0,Art
10,141,1,Art
12,37,0,Art
6,111,0,Art
10,327,1822,Art
7,214,2000,Art
6,61,1055,Art
6,87,20,Art
11,114,6302,Art
5,138,485,Art
5,47,0,Art
9,134,2616,Art
9,139,5063,Art
12,225,0,Art
7,63,510,Art
11,60,11,Art
10,172,2118,Art
9,68,3196,Art
1,164,15749,Art
13,121,3141,Art
5,90,480,Art
7,124,3985,Art
12,244,20374.99,Art
10,157,0,Art
10,31,5525,Art
12,130,4105,Art
9,144,4528.33,Art
9,172,4386,Art
6,107,1129,Art
12,259,600,Art
6,1,0,Art
9,257,905,Art
10,38,270,Art
10,210,470,Art
5,157,10940.99,Art
6,107,813,Art
7,206,5101,Art
8,1,0,Art
6,19,0,Art
14,305,9912,Art
7,209,11548,Art
3,329,320,Art
13,141,403,Art
8,176,4423,Art
13,53,6,Art
9,185,8861,Art
9,234,3084.37,Art
6,326,866,Art
10,24,0,Art
5,35,137,Comics
8,157,860,Comics
5,334,1976,Comics
7,450,30142,Comics
9,947,276,Comics
7,241,4586,Comics
4,32,768,Comics
9,15,367,Comics
5,150,101,Comics
10,37,22,Comics
5,179,0,Comics
11,121,0,Comics
11,52,75,Comics
8,179,0,Comics
11,332,35407.77,Comics
8,44,5058,Comics
11,178,1026,Comics
7,202,12452.88,Comics
9,120,6,Comics
6,157,235,Comics
7,368,3680,Comics
11,174,4176,Comics
10,550,4726,Comics
9,117,272,Comics
6,155,451,Comics
3,355,3077,Comics
10,91,5182.66,Comics
7,10,1593,Comics
13,436,126507.92,Comics
9,133,9210,Comics
10,194,22442.34,Comics
9,41,421,Comics
9,188,10753.05,Comics
7,238,101.01,Comics
10,257,4346,Comics
7,241,1386,Comics
9,381,15284.5,Comics
6,77,15,Comics
9,234,573,Comics
14,72,53,Comics
9,368,36676.99,Comics
12,65,46,Comics
7,475,5581,Comics
9,79,580,Comics
5,566,9798,Comics
6,47,31,Comics
8,226,7712,Comics
4,93,6708,Comics
11,64,2030,Comics
8,308,15360.63,Comics
8,96,5922.69,Comics
4,514,67777.17,Comics
11,347,6552.26,Comics
10,606,9878,Comics
4,318,4608,Comics
7,124,4903,Comics
12,537,4623,Comics
1,313,1734,Comics
7,146,700,Comics
1,71,66,Comics
7,66,407,Comics
7,120,1775,Comics
8,144,4060.77,Comics
8,548,189036.99,Comics
11,139,4259,Comics
4,92,205,Comics
6,78,1574,Comics
5,467,17324,Comics
5,149,1387,Comics
7,466,2318,Comics
7,287,9447.84,Comics
1,67,7196,Comics
5,172,327,Crafts
12,401,2065,Crafts
7,96,3225.5,Crafts
2,83,25,Crafts
7,242,134,Crafts
12,92,0,Crafts
11,174,0,Crafts
9,68,0,Crafts
9,178,2127,Crafts
4,0,10,Crafts
12,735,1397,Crafts
2,10,0,Crafts
13,196,990,Crafts
9,215,970,Crafts
11,25,0,Crafts
9,114,38,Crafts
7,66,0,Crafts
9,366,1669,Crafts
9,54,377,Crafts
3,229,135,Crafts
8,331,8850,Crafts
10,199,0,Crafts
15,41,25,Crafts
12,368,176,Crafts
10,107,1710,Crafts
6,51,0,Crafts
9,37,1870,Crafts
10,27,0,Crafts
17,470,1897,Crafts
10,244,0,Crafts
3,197,671,Crafts
7,194,576,Crafts
8,189,205,Crafts
7,41,50,Crafts
7,0,967,Crafts
9,71,11,Crafts
9,218,8656,Crafts
1,71,80,Crafts
13,39,50,Crafts
6,13,0,Crafts
9,102,0,Crafts
14,63,0,Crafts
12,105,0,Crafts
9,64,1121.01,Crafts
3,20,0,Crafts
6,20,0,Crafts
5,55,150,Crafts
11,99,1005,Crafts
3,66,0,Crafts
13,106,500,Crafts
12,108,0,Crafts
1,122,10091,Crafts
10,203,15,Crafts
3,73,0,Crafts
9,61,0,Crafts
9,68,168,Crafts
11,551,0,Crafts
6,70,100,Crafts
11,49,0,Crafts
15,160,25,Crafts
11,179,76,Crafts
12,203,146,Crafts
11,36,10,Crafts
10,243,30,Crafts
10,129,335,Crafts
8,203,474,Crafts
6,147,60,Crafts
13,172,20,Crafts
5,199,10,Crafts
10,108,5289,Crafts
10,298,545,Crafts
13,319,80,Crafts
4,79,542,Crafts
13,100,0,Crafts
9,70,70,Crafts
7,42,25,Crafts
8,104,0,Crafts
12,173,25,Crafts
6,146,1560,Crafts
7,111,695,Crafts
7,365,1787.26,Crafts
7,983,0,Crafts
11,16,0,Crafts
11,138,1008,Crafts
12,56,1,Crafts
12,198,4635,Crafts
9,351,1367,Crafts
6,36,95,Crafts
8,51,0,Crafts
12,52,31,Crafts
11,129,70,Crafts
12,292,9479.5,Crafts
11,52,35,Crafts
14,35,1,Crafts
9,117,10138,Crafts
8,66,0,Crafts
8,116,0,Crafts
8,53,0,Crafts
8,55,145,Crafts
9,69,95,Crafts
6,122,5458.69,Crafts
10,67,92,Crafts
8,159,1568,Crafts
7,136,37,Crafts
9,95,6145,Crafts
13,107,5,Crafts
8,50,2075,Crafts
11,116,0,Crafts
4,10,0,Crafts
9,1,275,Crafts
9,61,66,Crafts
12,95,1373,Crafts
10,259,0,Crafts
10,98,2726,Crafts
12,484,9332,Crafts
8,89,0,Crafts
2,179,6321,Crafts
9,112,20,Crafts
13,299,0,Crafts
12,67,406,Crafts
9,106,2051,Crafts
11,54,105,Crafts
8,111,5,Crafts
4,104,30,Crafts
7,107,140,Crafts
13,204,3985,Crafts
8,91,526,Crafts
6,297,12721.74,Crafts
10,86,362,Crafts
8,153,1719,Crafts
11,241,253,Crafts
11,48,20,Crafts
10,61,31,Crafts
4,107,3069,Crafts
3,162,174,Crafts
10,176,1144,Crafts
2,41,15,Crafts
5,27,0,Crafts
8,412,24396,Crafts
13,95,4000,Crafts
9,70,50,Crafts
5,45,4070,Dance
10,381,0,Dance
13,234,181,Dance
7,172,0,Dance
8,108,5025,Dance
12,229,1761,Dance
11,131,9589,Dance
9,186,1291,Dance
10,44,25,Dance
12,192,0,Dance
11,28,350,Dance
11,420,1050,Dance
11,120,0,Dance
2,102,2145,Dance
1,181,415,Dance
9,98,4186,Dance
4,59,177,Dance
11,96,2003,Dance
5,392,4464,Dance
3,261,9044,Dance
10,39,0,Dance
9,239,5600,Dance
6,75,805,Dance
9,150,7940.87,Dance
13,64,82,Dance
10,118,10051.11,Dance
4,209,559,Dance
2,72,65,Dance
6,266,3794,Dance
6,178,3545,Dance
9,77,3135,Dance
6,239,1565,Dance
7,29,58,Dance
7,31,450,Dance
10,181,1495,Dance
8,221,5540,Dance
10,265,805,Dance
10,190,235,Dance
12,82,0,Dance
9,118,406,Dance
12,168,5057,Dance
8,127,956,Dance
12,119,3790.02,Dance
15,230,5715,Dance
10,270,28215,Design
12,110,1476,Design
7,249,232,Design
11,569,793,Design
9,248,946,Design
8,205,1733,Design
11,229,6445,Design
6,184,20318,Design
12,216,150,Design
9,176,3069,Design
8,463,6290,Design
12,356,2695,Design
12,82,9,Design
13,303,1841,Design
7,78,0,Design
15,247,15,Design
9,153,4296.22,Design
10,101,1032,Design
7,232,12950.89,Design
14,106,3,Design
4,261,330,Design
3,148,110,Design
6,350,180,Design
7,224,18739.8,Design
12,137,10561,Design
11,78,2490,Design
10,77,295,Design
4,304,0,Design
7,138,660,Design
14,227,4475,Design
9,296,96,Design
8,299,2060,Design
0,301,16099.69,Design
1,101,1695,Design
6,59,0,Design
5,145,8522,Design
7,366,9051,Design
8,145,142,Design
7,768,71559.55,Design
9,158,39608,Design
11,218,131,Design
2,272,1012,Design
8,456,10710,Design
10,98,740,Design
12,424,155186.92,Design
1,142,22948,Design
10,568,15154,Design
11,278,513,Design
9,105,0,Design
9,165,9757,Design
13,1297,52140.39,Design
7,104,35,Design
13,401,1430,Design
7,421,100,Design
12,81,25,Design
11,280,1656,Design
10,205,10080,Design
3,276,2976,Design
13,260,7663,Design
10,235,1455,Design
1,45,1031,Design
13,407,572,Design
11,205,150,Design
7,331,24172.51,Design
8,441,9296.1,Design
7,489,2934.77,Design
7,85,199,Design
8,258,0,Design
10,155,6562,Design
11,207,7008,Design
11,161,1175,Design
10,382,23930,Design
12,561,4303,Design
6,358,7118,Design
14,328,6786,Design
10,261,4808,Design
7,83,1995,Design
5,402,10797,Design
9,430,78662,Design
5,321,170,Design
9,67,75,Design
3,118,637,Design
9,70,0,Design
7,747,8468,Design
5,390,2741,Design
12,499,5351.49,Design
10,627,56666.77,Design
12,79,910,Design
8,109,1,Design
5,153,0,Design
8,235,955,Design
7,157,5664,Design
10,298,15473,Design
10,45,130,Design
9,150,18541,Design
7,571,298,Design
12,322,1296,Design
11,85,50,Design
7,131,505,Design
5,201,4433,Design
8,74,555,Design
7,176,1025,Design
3,55,138,Design
11,206,9747.12,Design
9,137,2586,Design
13,368,998,Design
10,161,0,Design
7,30,5811,Design
1,572,2370,Design
8,143,2172.11,Design
11,84,0,Design
5,248,6796,Design
10,33,0,Design
9,57,20604.02,Design
13,239,9134,Design
10,69,0,Design
7,187,196,Design
9,216,36532.01,Design
3,339,38257.11,Design
9,290,361,Design
8,148,7020,Design
9,100,341,Design
6,145,39,Design
7,278,3525,Design
8,267,3040,Design
7,209,5470,Design
8,163,1204,Design
7,74,1692,Design
11,99,0,Design
12,7,38902.19,Design
14,175,19204,Design
7,195,1676,Design
7,485,486,Design
5,94,10037,Design
4,278,2298,Design
6,303,3125,Design
11,495,798,Design
13,6,3917,Design
7,122,115,Design
6,571,4401,Design
7,91,15054.11,Design
2,439,57697,Design
10,48,40,Design
9,66,65853.22,Design
9,250,1157,Design
8,176,16337,Design
10,140,14704.53,Design
11,1306,12590,Design
8,125,785,Design
9,374,29809,Design
11,1044,3273,Design
9,202,11377,Design
13,365,14221,Design
5,503,2071,Design
7,229,10479,Design
12,123,531,Design
9,538,78843,Design
8,221,1130,Design
9,243,1453,Design
0,239,51518,Design
11,192,2094,Design
10,367,41153,Design
9,133,1375,Design
8,101,2678,Design
0,80,23,Design
11,125,1665,Design
7,429,5501,Design
10,71,2126,Design
8,850,1113,Design
5,98,3155,Design
9,258,565,Design
11,153,90,Design
8,13,250,Design
7,51,0,Design
12,468,717,Design
10,123,50,Design
11,24,0,Design
8,242,1750,Design
10,95,693,Design
13,76,25,Design
7,116,3069,Design
9,174,51939,Design
4,280,21,Design
13,249,3720,Design
7,179,3455,Design
8,64,1047,Design
12,373,12056,Design
7,226,750,Design
10,137,226,Design
1,169,7566,Design
9,108,0,Design
11,335,6273,Design
12,122,25,Design
8,190,3402,Design
0,104,481,Design
10,219,47928,Design
10,46,522,Design
10,258,155,Design
12,203,16598,Design
9,120,85,Design
10,390,1693,Design
12,565,11350,Design
6,302,24711.57,Design
9,166,168,Design
6,97,1041,Design
12,93,1023,Design
12,197,394,Design
10,357,0,Design
13,591,10631,Design
12,238,15596.1,Design
8,171,548,Design
10,191,35,Design
7,372,26177,Design
10,808,32222,Design
10,111,0,Design
11,454,20,Design
4,301,4590,Design
8,226,1086,Design
7,248,63281,Design
9,76,669,Fashion
9,237,3066,Fashion
0,131,17,Fashion
6,196,1551,Fashion
10,72,0,Fashion
9,353,7422,Fashion
6,294,5233,Fashion
11,221,1182,Fashion
4,215,118,Fashion
12,96,100,Fashion
9,12,0,Fashion
8,91,0,Fashion
12,351,19199,Fashion
11,95,3540,Fashion
8,222,10266,Fashion
4,136,0,Fashion
8,369,6570,Fashion
6,166,1706,Fashion
8,107,0,Fashion
9,216,215,Fashion
6,131,15,Fashion
9,82,624,Fashion
10,99,0,Fashion
6,78,26,Fashion
4,371,15708,Fashion
11,6,31,Fashion
7,68,0,Fashion
0,269,317,Fashion
9,166,0,Fashion
10,63,50,Fashion
8,112,0,Fashion
6,202,21374,Fashion
6,204,42950,Fashion
6,54,5,Fashion
7,422,3307,Fashion
12,752,1919,Fashion
4,144,1915,Fashion
0,362,10683,Fashion
7,63,0,Fashion
10,475,20519.27,Fashion
11,26,0,Fashion
8,201,3405,Fashion
11,228,1805,Fashion
10,153,6181,Fashion
2,144,10,Fashion
10,474,2336,Fashion
7,55,1682,Fashion
6,154,0,Fashion
9,516,75,Fashion
3,52,3040,Fashion
6,478,73045.76,Fashion
7,70,1135,Fashion
10,103,0,Fashion
3,145,59,Fashion
4,276,458,Fashion
6,296,2127,Fashion
5,46,0,Fashion
7,158,10,Fashion
9,230,10,Fashion
8,42,2427,Fashion
10,157,275,Fashion
10,41,0,Fashion
13,43,1,Fashion
9,123,805,Fashion
11,307,30,Fashion
12,188,5540,Fashion
0,424,21981,Fashion
15,266,73564.11,Fashion
12,109,5721,Fashion
2,127,0,Fashion
9,61,0,Fashion
9,157,39,Fashion
7,48,2232,Fashion
4,143,2370,Fashion
9,264,138,Fashion
8,235,125,Fashion
7,153,160,Fashion
9,108,16853,Fashion
8,218,211,Fashion
6,60,2555,Fashion
12,408,33430,Fashion
11,366,9465,Fashion
2,82,0,Fashion
10,108,440,Fashion
8,48,10,Fashion
11,104,265,Fashion
10,42,20,Fashion
1,373,3165,Fashion
13,215,11031,Fashion
2,48,0,Fashion
6,76,0,Fashion
3,176,0,Fashion
11,554,296,Fashion
10,94,650,Fashion
8,275,6085,Fashion
11,154,45,Fashion
6,135,1690,Fashion
10,29,590,Fashion
13,7,525,Fashion
11,98,0,Fashion
7,129,429,Fashion
2,38,100,Fashion
10,333,110,Fashion
9,87,2040,Fashion
7,130,20831,Fashion
8,104,1293,Fashion
8,184,2676,Fashion
9,34,76,Fashion
6,160,5499,Fashion
9,145,528,Fashion
13,389,0,Fashion
8,204,20046,Fashion
9,177,3083,Fashion
9,380,118,Fashion
0,633,315,Fashion
9,530,25766,Fashion
8,37,50,Fashion
12,86,525,Fashion
9,148,3634,Fashion
8,205,13329,Fashion
10,437,4858,Fashion
6,261,22362,Fashion
7,27,7,Fashion
9,223,2914,Fashion
10,59,0,Fashion
9,47,0,Fashion
8,150,20527,Fashion
5,0,20475.66,Fashion
8,140,162,Fashion
9,152,0,Fashion
11,265,25,Fashion
11,66,10,Fashion
10,9,25,Fashion
6,104,3057,Fashion
14,296,0,Fashion
5,336,19887,Fashion
12,126,3396,Fashion
11,81,32,Fashion
13,223,0,Fashion
7,111,6829,Fashion
10,214,152,Fashion
8,163,127,Fashion
3,74,0,Fashion
10,136,100,Fashion
5,313,3538,Fashion
8,139,3500,Fashion
10,54,0,Fashion
2,74,121.31,Fashion
4,209,18060,Fashion
11,102,136,Fashion
7,69,0,Fashion
8,136,0,Fashion
10,279,9831,Fashion
7,420,2302,Fashion
10,205,657,Fashion
12,59,375,Fashion
12,84,0,Fashion
5,386,320,Fashion
8,1101,31408,Fashion
8,884,6725,Fashion
11,208,5072,Fashion
6,16,75,Fashion
8,219,28806,Fashion
11,32,0,Fashion
11,19,0,Fashion
9,215,4664,Fashion
11,343,1216,Fashion
11,291,23112,Fashion
8,268,569,Fashion
4,149,1691,Fashion
9,507,5186,Fashion
10,149,5,Fashion
0,306,6051,Fashion
10,115,0,Fashion
7,134,1471,Fashion
8,377,30,Fashion
13,30,0,Fashion
6,363,177,Fashion
4,215,13096,Fashion
15,171,286,Fashion
5,101,276,Fashion
6,205,30,Fashion
12,363,100,Fashion
12,153,5547,Fashion
9,142,0,Fashion
7,285,1126,Fashion
9,268,3346,Film & Video
8,211,12645,Film & Video
7,244,30,Film & Video
12,142,150,Film & Video
11,98,10792,Film & Video
7,135,210,Film & Video
12,42,2027,Film & Video
8,76,225,Film & Video
10,47,41,Film & Video
10,395,23218,Film & Video
11,171,700,Film & Video
4,117,450,Film & Video
12,109,9,Film & Video
8,403,5075,Film & Video
10,86,20,Film & Video
7,32,25,Film & Video
10,190,1090,Film & Video
6,364,386,Film & Video
11,318,51205,Film & Video
8,544,4901,Film & Video
8,151,1200,Film & Video
9,137,0,Film & Video
13,67,0,Film & Video
6,528,1431,Film & Video
7,19,100,Film & Video
7,602,11172,Film & Video
8,240,12260,Film & Video
11,239,1073,Film & Video
6,87,5,Film & Video
7,525,8782,Film & Video
6,141,0,Film & Video
6,413,82817.65,Film & Video
5,22,2,Film & Video
5,86,0,Film & Video
11,995,270,Film & Video
7,43,3727.01,Film & Video
7,238,6195,Film & Video
8,308,17909,Film & Video
10,101,0,Film & Video
9,286,1,Film & Video
8,52,0,Film & Video
7,64,183.33,Film & Video
10,1131,12426,Film & Video
9,130,8698,Film & Video
5,202,4200,Film & Video
7,344,46070,Film & Video
11,479,47441,Film & Video
12,487,350,Film & Video
8,127,1531,Film & Video
8,208,165,Film & Video
7,61,4663,Film & Video
8,576,19066,Film & Video
7,264,10626,Film & Video
10,156,2579,Film & Video
12,958,12700,Film & Video
6,152,258,Film & Video
8,80,0,Film & Video
11,254,1791,Film & Video
5,554,2751,Film & Video
5,180,15,Film & Video
11,195,980,Film & Video
8,20,1533,Film & Video
9,647,101,Film & Video
10,234,16630,Film & Video
7,336,2690,Film & Video
12,388,250,Film & Video
9,173,3140,Film & Video
8,113,2210,Film & Video
4,85,1210,Film & Video
9,106,0,Film & Video
11,84,7899.13,Film & Video
11,182,290,Film & Video
7,100,73,Film & Video
6,164,0,Film & Video
3,78,1080,Film & Video
4,148,205,Film & Video
4,232,12384,Film & Video
6,144,159015.87,Film & Video
8,474,4407,Film & Video
8,354,6890.25,Film & Video
9,79,685,Film & Video
9,152,155,Film & Video
5,291,11961,Film & Video
7,47,100,Film & Video
5,207,14645,Film & Video
5,278,928,Film & Video
0,128,395,Film & Video
7,98,370.01,Film & Video
6,71,0,Film & Video
10,15,0,Film & Video
11,76,210,Film & Video
5,186,615,Film & Video
4,246,5300,Film & Video
6,161,0,Film & Video
8,54,50,Film & Video
7,230,6321,Film & Video
8,65,300,Film & Video
12,181,13936,Film & Video
8,162,2100,Film & Video
10,227,2,Film & Video
8,506,16810,Film & Video
11,426,20781.11,Film & Video
11,26,0,Film & Video
8,55,1577,Film & Video
9,65,0,Film & Video
8,34,0,Film & Video
12,298,1381,Film & Video
6,103,11357,Film & Video
4,181,550,Film & Video
12,79,50,Film & Video
10,182,711,Film & Video
11,71,0,Film & Video
7,144,860,Film & Video
8,79,230,Film & Video
12,426,6755,Film & Video
8,205,730,Film & Video
10,96,125,Film & Video
11,168,1505,Film & Video
4,134,60,Film & Video
12,125,2135,Film & Video
6,43,1,Film & Video
7,160,6171,Film & Video
5,98,7150,Film & Video
3,272,1068,Film & Video
6,81,3505,Film & Video
12,126,0,Film & Video
8,544,53866.71,Film & Video
11,210,224.2,Film & Video
10,193,10,Film & Video
10,169,90,Film & Video
10,172,731,Film & Video
10,72,120,Film & Video
5,73,100,Film & Video
4,389,81791,Film & Video
9,378,2646,Film & Video
5,211,15111,Film & Video
9,139,50,Film & Video
4,549,18902,Film & Video
7,404,630019.61,Film & Video
3,406,5715,Film & Video
10,151,2570,Film & Video
11,527,14079,Film & Video
4,160,3453,Film & Video
12,33,2315,Film & Video
12,141,1,Film & Video
7,215,0,Film & Video
7,111,3445,Film & Video
5,96,0,Film & Video
4,18,0,Film & Video
3,216,20,Film & Video
12,162,12007,Film & Video
5,172,0,Film & Video
9,547,1911,Film & Video
10,99,1841,Film & Video
7,161,2524,Film & Video
3,41,240,Film & Video
5,434,50,Film & Video
10,456,8273.38,Film & Video
10,268,2044,Film & Video
7,153,3576,Film & Video
8,120,3165,Film & Video
6,82,200,Film & Video
10,450,7768,Film & Video
10,133,35211,Film & Video
9,312,540,Film & Video
4,114,725,Film & Video
8,104,5888,Film & Video
8,123,21065.24,Film & Video
9,155,25,Film & Video
8,149,9942,Film & Video
9,379,390,Film & Video
12,147,8301,Film & Video
10,266,0,Film & Video
5,108,8629,Film & Video
13,100,0,Film & Video
10,1375,185,Film & Video
13,218,175,Film & Video
11,100,1215,Film & Video
9,194,47,Film & Video
9,74,460,Film & Video
8,160,24703,Film & Video
12,329,7315,Film & Video
10,61,1055,Film & Video
11,342,3306,Film & Video
11,254,6136,Film & Video
1,165,0,Film & Video
14,118,8648.37,Film & Video
12,112,100,Film & Video
12,198,579,Film & Video
7,201,570,Film & Video
10,549,3795,Film & Video
9,550,43995,Film & Video
5,232,12005,Film & Video
10,88,656,Film & Video
8,57,0,Film & Video
13,162,3098,Film & Video
12,48,607,Film & Video
10,67,0,Film & Video
9,509,20710,Film & Video
4,145,4311,Film & Video
10,117,455,Film & Video
5,230,2351,Film & Video
5,606,1039,Film & Video
7,152,20,Film & Video
5,34,1,Film & Video
9,69,44,Film & Video
7,121,60,Film & Video
9,468,195,Film & Video
12,263,70,Film & Video
12,305,1393,Film & Video
6,50,350,Film & Video
7,272,220,Film & Video
8,130,0,Film & Video
6,161,1946,Film & Video
4,141,0,Film & Video
8,514,32745,Film & Video
4,259,10744,Film & Video
10,368,1026,Film & Video
9,166,2205,Film & Video
10,736,18290,Film & Video
5,339,2500,Film & Video
8,140,11,Film & Video
8,166,7550,Film & Video
11,105,2,Film & Video
12,34,0,Film & Video
9,344,11617.24,Film & Video
8,136,300,Film & Video
10,214,56040.62,Film & Video
6,669,638471.96,Film & Video
8,67,40,Film & Video
9,82,55,Film & Video
8,183,11565,Film & Video
10,91,51,Film & Video
6,164,350,Film & Video
6,257,2,Film & Video
9,379,0,Film & Video
6,284,570,Film & Video
10,102,26,Film & Video
11,287,20,Film & Video
5,212,253,Film & Video
9,576,378,Film & Video
10,244,8824.36,Film & Video
10,44,75,Film & Video
7,340,0,Film & Video
6,705,4420,Film & Video
9,212,1073,Film & Video
10,264,3852,Film & Video
10,42,1775,Film & Video
11,296,800,Film & Video
8,76,1284,Film & Video
4,76,25,Film & Video
7,1053,400,Film & Video
7,363,6002,Film & Video
12,84,40,Film & Video
10,211,8173,Film & Video
3,181,0,Film & Video
10,206,7228,Film & Video
11,70,0,Film & Video
3,262,2324,Film & Video
12,618,495,Film & Video
7,54,0,Film & Video
9,546,1516,Film & Video
10,468,1000,Film & Video
11,12,0,Film & Video
10,109,2,Film & Video
9,29,45,Film & Video
9,218,8335,Film & Video
11,74,750,Film & Video
13,255,34260.75,Film & Video
7,142,2875,Film & Video
11,470,705,Film & Video
8,176,335,Film & Video
4,111,612,Film & Video
11,410,2823.42,Film & Video
10,158,50,Film & Video
8,46,6030,Film & Video
7,205,45,Film & Video
6,402,670,Film & Video
3,174,25,Film & Video
11,218,0,Film & Video
6,53,0,Film & Video
8,153,1437.02,Film & Video
1,634,40,Film & Video
8,640,351,Film & Video
7,241,881,Film & Video
0,1,1872,Film & Video
12,120,0,Film & Video
14,266,23467,Film & Video
9,122,2440.63,Film & Video
7,84,0,Film & Video
9,96,1,Film & Video
5,32,2851,Film & Video
8,527,0,Film & Video
10,609,2106,Film & Video
5,145,2608.25,Film & Video
6,366,5150,Film & Video
7,386,16610.23,Film & Video
14,73,0,Film & Video
8,293,121084.88,Film & Video
10,493,2406,Film & Video
6,226,35,Film & Video
3,194,15,Film & Video
9,147,496,Film & Video
6,242,200,Film & Video
3,18,692,Film & Video
11,101,1001,Film & Video
16,1,1824,Film & Video
13,639,31109,Film & Video
6,172,11615,Film & Video
7,52,0,Film & Video
3,48,140,Film & Video
9,29,753,Film & Video
5,155,25,Film & Video
9,59,36,Film & Video
11,38,50,Film & Video
12,268,481,Film & Video
8,163,0,Film & Video
10,60,0,Film & Video
9,176,2805,Film & Video
3,86,150,Film & Video
6,47,25,Film & Video
7,39,0,Film & Video
12,424,830,Film & Video
8,157,1622,Film & Video
7,36,120,Film & Video
8,105,71,Film & Video
12,396,0,Film & Video
5,349,31850,Film & Video
5,64,0,Film & Video
7,123,4065,Film & Video
9,43,575,Film & Video
8,167,0,Film & Video
5,82,1345,Film & Video
3,209,2171,Film & Video
5,105,487,Film & Video
0,424,1823,Film & Video
6,302,346,Film & Video
6,147,2815,Film & Video
8,177,5119,Film & Video
6,101,1,Film & Video
5,24,0,Film & Video
4,681,114758.45,Film & Video
3,246,10626,Film & Video
9,127,56730.53,Film & Video
6,333,3775,Film & Video
9,417,1402,Film & Video
8,70,6010,Film & Video
9,60,576,Film & Video
11,71,1,Film & Video
12,157,0,Film & Video
9,168,378,Film & Video
11,471,3239.95,Film & Video
7,452,5041,Film & Video
9,55,5,Film & Video
6,199,176.92,Film & Video
4,70,142,Film & Video
11,290,50,Film & Video
6,110,26,Film & Video
11,159,10,Film & Video
10,454,4516.11,Film & Video
12,93,510,Film & Video
6,386,585.5,Film & Video
12,144,25,Film & Video
0,1,17,Film & Video
9,158,0,Film & Video
16,54,121,Film & Video
13,279,575,Film & Video
4,154,3706.77,Film & Video
9,48,0,Film & Video
10,100,1,Film & Video
3,26,105,Film & Video
9,133,1268,Film & Video
7,167,520,Film & Video
8,111,0,Film & Video
11,220,1015,Film & Video
9,237,9626,Film & Video
6,64,10,Film & Video
9,37,0,Film & Video
5,44,550,Film & Video
10,211,3027.37,Film & Video
8,77,4046,Film & Video
11,34,1078,Film & Video
11,175,0,Film & Video
11,633,168,Film & Video
7,211,0,Film & Video
5,158,216,Film & Video
11,52,0,Film & Video
11,83,1230,Film & Video
7,280,1080,Film & Video
0,11,10,Film & Video
12,224,12918,Film & Video
11,40,317,Film & Video
7,14,1605,Film & Video
8,59,0,Film & Video
15,108,2861,Food
10,337,11,Food
6,150,0,Food
12,201,23091,Food
8,49,0,Food
6,73,0,Food
7,585,11343,Food
5,337,688,Food
11,121,600,Food
9,94,5175,Food
5,32,50,Food
8,53,0,Food
13,267,139,Food
10,54,520,Food
8,167,352,Food
11,63,612,Food
9,188,56,Food
9,70,100,Food
10,292,0,Food
12,299,510,Food
10,72,0,Food
10,100,85,Food
10,284,3521,Food
13,97,818,Food
12,968,220,Food
8,141,2790,Food
9,291,121,Food
10,108,0,Food
1,250,100,Food
13,140,70,Food
3,104,5000,Food
11,93,7041,Food
9,718,0,Food
10,549,15284.2,Food
9,90,0,Food
8,235,23140.74,Food
11,116,21,Food
8,72,4545,Food
13,42,0,Food
12,195,4016,Food
3,239,6538,Food
6,78,0,Food
11,16,0,Food
7,159,18406,Food
4,98,450,Food
9,114,0,Food
9,17,0,Food
5,553,12602,Food
10,34,0,Food
3,16,0,Food
3,292,44376,Food
10,150,70,Food
6,392,43572.29,Food
3,175,3316,Food
3,125,2542,Food
8,217,0,Food
4,435,25264,Food
3,139,75,Food
6,20,0,Food
13,241,4445,Food
6,121,3249,Food
7,53,27,Food
9,145,1349,Food
11,77,532,Food
9,245,320,Food
7,31,0,Food
9,178,560,Food
10,48,0,Food
6,98,6571,Food
4,274,2270,Food
11,84,60,Food
9,274,3280,Food
14,143,12312,Food
7,160,1751,Food
11,265,100,Food
7,105,250,Food
8,64,5595,Food
9,214,0,Food
8,521,41360.48,Food
13,67,630,Food
10,149,26,Food
6,214,724,Food
13,389,0,Food
0,31,21,Food
12,337,235,Food
12,91,0,Food
11,70,0,Food
7,163,45,Food
4,66,7066,Food
9,378,25160,Food
6,66,50,Food
12,13,20,Food
13,12,1,Food
10,356,6,Food
16,40,0,Food
10,54,2150,Food
9,134,726,Food
9,680,31389,Food
11,95,14200.3,Food
11,104,0,Food
9,216,3530,Food
7,173,410,Food
12,215,5780,Food
10,196,0,Food
6,95,0,Food
2,213,2840,Food
8,46,0,Food
8,0,30,Food
2,230,100,Food
9,226,19671,Food
12,240,36270,Food
10,56,0,Food
4,193,2692,Food
9,63,0,Food
7,255,8107,Food
10,137,18,Food
4,27,0,Food
11,85,0,Food
8,217,14374,Food
6,85,0,Food
10,411,89300.22,Food
14,20,0,Food
11,115,0,Food
9,156,158,Food
8,198,510,Food
12,88,1502,Food
4,34,0,Food
5,203,0,Food
13,183,16217,Food
11,189,2288,Food
14,186,15561.11,Food
8,85,5,Food
8,28,0,Food
13,99,0,Food
7,186,35,Food
7,24,11,Food
9,224,11570,Food
10,197,1625,Food
9,323,8494,Food
14,31,20,Food
6,221,31414,Food
9,27,5,Food
2,31,29.95,Food
14,89,0,Food
9,24,0,Food
11,70,21105,Food
9,69,21,Food
11,72,0,Food
10,147,1925.69,Food
13,160,65535,Food
3,249,1030,Food
10,108,1051,Food
4,277,0,Food
4,192,24521,Food
9,41,10,Food
12,151,40,Food
2,486,395,Food
3,83,0,Food
12,219,699,Food
9,222,310225.01,Food
4,144,5165,Food
7,567,16990.02,Food
11,139,15,Food
7,76,3490,Food
11,234,17195,Food
8,58,30,Food
3,220,257,Food
1,107,0,Food
7,36,0,Food
7,101,200,Food
8,202,610,Food
8,435,25060,Food
1,136,128,Food
3,89,70,Food
8,92,2931,Food
9,99,1722,Food
12,202,0,Food
8,107,0,Food
10,48,0,Food
0,428,207,Food
10,290,39232,Food
8,560,360,Food
12,91,120,Food
11,19,1,Food
13,80,32,Food
4,173,12153,Food
7,59,6177,Food
9,110,0,Food
7,357,13405,Food
11,203,10,Food
12,126,145,Food
5,130,5141,Food
3,50,20,Food
6,80,600,Food
11,27,0,Food
7,294,100,Food
10,113,0,Food
7,66,10406,Food
11,719,3343,Food
11,400,550,Food
6,134,0,Food
11,125,725,Food
8,123,4687,Food
13,114,6170,Food
3,148,1546,Food
8,48,1727,Food
4,262,5495,Food
9,64,0,Food
7,58,50,Food
12,76,0,Food
6,57,1200,Food
13,211,8093,Food
9,10,0,Food
12,166,1420,Food
9,122,1315,Food
10,219,300,Food
6,554,225,Food
10,255,7747,Food
4,220,100,Food
8,29,164,Food
5,33,0,Food
5,138,4400,Food
8,114,2870,Food
10,25,16085,Food
4,134,250,Food
12,123,270,Food
14,101,0,Food
12,986,1812,Food
10,117,2687,Food
10,287,11022,Food
12,34,0,Food
11,226,4001,Food
7,42,2680,Food
2,190,2326,Food
11,180,112,Food
16,216,120,Food
10,586,11435,Food
12,481,5,Food
6,23,0,Food
12,324,12209,Food
5,102,611,Food
9,336,5459,Food
7,167,7237,Food
11,292,195,Food
3,140,1,Food
8,19,40,Food
15,113,30,Food
5,57,2,Food
8,45,10,Food
10,52,0,Food
10,277,1365,Food
10,165,2380,Food
8,89,0,Food
5,58,20,Food
15,85,0,Food
7,221,625,Food
10,349,40471,Food
4,221,30163,Food
12,94,667,Food
7,129,6,Food
5,35,175,Food
7,499,1133,Food
8,37,20,Food
12,12,3,Food
10,223,631,Food
8,207,1256,Food
11,316,5270,Food
5,21,0,Food
11,204,20,Food
9,421,1095,Food
10,96,37260,Food
0,3,35,Food
5,148,10028,Food
5,97,30,Food
9,45,50,Food
5,20,400,Food
11,1,25995,Food
10,375,3476,Food
13,325,11543.45,Food
6,69,0,Food
11,536,11545.1,Food
10,238,10,Food
5,9,0,Food
2,226,20796,Food
8,73,0,Food
9,88,0,Food
7,52,20,Food
5,207,0,Food
0,30,0,Food
6,103,0,Food
12,130,2911,Food
11,54,102,Food
10,58,0,Food
8,12,136,Food
10,412,6136,Food
9,504,23060,Food
10,111,460,Food
13,286,12958.36,Food
10,212,80,Food
14,129,4715,Food
10,154,191,Food
8,70,60,Food
8,442,92672.11,Food
5,66,0,Food
10,207,60,Food
9,43,50,Food
11,452,0,Food
9,109,5393,Food
6,116,0,Food
4,190,0,Food
9,289,1836,Food
11,224,0,Food
14,22,0,Food
12,128,1900,Food
7,43,140,Food
11,84,0,Food
7,275,30555,Food
0,133,255,Food
5,148,2035,Food
5,515,651,Games
3,312,260,Games
8,832,2418,Games
0,43,22934.3,Games
11,136,8485,Games
6,763,1109351.87,Games
9,670,1957,Games
12,74,0,Games
10,442,400,Games
8,62,705,Games
2,317,4213,Games
7,243,285,Games
11,274,24,Games
9,259,172,Games
0,72,80,Games
7,72,187,Games
5,587,4600,Games
11,90,100,Games
8,146,2496.47,Games
5,277,12275.13,Games
8,806,2368,Games
7,317,5608,Games
8,182,0,Games
12,337,2844,Games
10,344,302,Games
4,1120,40246.5,Games
3,263,2456,Games
1,386,18262.84,Games
7,131,650,Games
2,419,58238,Games
9,129,13082.4,Games
9,78,1043.65,Games
10,54,435,Games
11,477,10,Games
5,565,19610,Games
9,206,1241,Games
7,41,0,Games
12,235,83,Games
8,189,120,Games
4,165,14028.01,Games
8,40,35,Games
10,1449,11345,Games
9,197,60608.91,Games
3,462,663,Games
7,373,44413.51,Games
6,436,7656,Games
12,1260,9772,Games
1,392,3465,Games
2,393,1,Games
11,99,410,Games
8,234,1505,Games
9,32,10,Games
12,131,0,Games
8,435,1099.66,Games
8,61,25,Games
5,441,1703,Games
8,63,0,Games
8,1010,1769,Games
6,162,0,Games
10,119,11,Games
7,460,159706.03,Games
7,944,11762,Games
7,269,1348,Games
7,444,25,Games
8,128,1410,Games
10,291,3969.25,Games
12,184,1455,Games
9,305,1961,Games
5,289,19542.01,Games
10,15,0,Games
7,166,2875,Games
8,138,344,Games
4,29,10,Games
11,275,5531,Games
6,969,12797,Games
9,461,650,Games
6,117,10151,Games
14,463,50490.5,Games
10,255,556,Games
9,70,0,Games
8,415,3411,Games
6,96,120,Games
8,457,24095.5,Games
6,317,180,Games
8,159,13,Games
5,604,470,Games
10,219,615,Games
8,618,13142,Games
5,423,11903.2,Games
6,387,14972,Games
9,177,162,Games
4,52,0,Games
9,132,306,Games
11,474,351,Games
7,118,1740,Games
11,220,0,Games
6,315,26733,Games
8,538,3444,Games
6,97,0,Games
8,601,79744.47,Games
4,135,3682,Games
5,129,1128,Games
14,290,120,Games
3,495,1778,Games
7,94,6,Games
8,378,1691.45,Games
12,80,0,Games
10,97,25,Games
5,202,0,Games
10,283,20,Games
14,545,34707.5,Games
6,82,0,Games
12,280,0,Games
9,709,67764.51,Games
7,333,5512,Games
11,822,6375,Games
13,324,0,Games
6,196,6102,Games
11,810,11680,Games
6,125,17244,Games
5,794,171146.65,Games
7,45,0,Games
5,340,306,Games
10,67,0,Games
1,271,576,Games
12,395,35,Games
4,39,20,Games
9,317,4396.5,Games
5,304,16854.94,Games
8,48,25,Games
11,416,8671.69,Games
9,256,92,Games
8,92,3056,Games
8,72,4333,Games
2,374,1144,Games
7,333,5106,Games
8,92,15,Games
9,120,2315,Games
3,371,4917.77,Games
11,1085,450,Games
6,110,4981,Games
6,107,6626,Games
0,602,238498.97,Games
6,390,57111.42,Games
13,1040,1896,Games
10,511,2978,Games
10,614,113074,Games
12,504,15466.75,Games
8,305,1757,Games
11,98,40,Games
8,404,144103.84,Games
7,203,100,Games
10,198,744.48,Games
8,342,0,Games
6,579,29571.85,Games
9,440,0,Games
9,261,4141,Games
9,351,20700,Games
12,709,200,Games
8,134,10,Games
9,73,0,Games
9,92,260,Games
8,240,44246.88,Games
11,73,51,Games
9,306,2900,Games
11,159,2071.6,Games
9,752,37703.01,Games
10,77,380,Games
0,100,0,Games
7,470,30287.32,Games
11,50,181,Games
7,280,2046,Games
11,158,1177,Games
9,240,575,Games
3,48,0,Games
9,366,1051,Games
12,128,7002,Games
11,1263,263745.98,Games
2,569,85,Games
5,567,5047,Games
12,231,721,Games
12,355,21,Games
6,138,1223,Games
11,80,15,Games
6,463,5422.25,Games
7,292,1259,Games
7,92,285,Games
9,729,49713.14,Games
6,757,130,Games
8,412,13629,Games
9,237,7234,Games
10,62,80,Games
8,166,2206,Games
5,117,113,Games
3,1220,37059.35,Games
10,74,1350,Games
10,61,1157,Games
10,616,1,Games
9,175,4339,Games
7,180,702.67,Games
6,701,86804.66,Games
8,498,7493.2,Games
6,288,2794,Games
8,948,5295,Games
3,461,2221,Games
7,101,27821.89,Games
7,1375,6462,Games
8,47,0,Games
4,52,25,Games
3,63,388,Games
8,216,110,Games
8,312,1360,Games
10,1039,2333,Games
6,522,27260,Games
9,30,1122,Games
0,65,161,Games
6,238,1210,Games
8,406,100,Games
14,467,30811.16,Games
6,608,4353,Games
6,94,15,Games
7,372,20,Games
6,407,110,Games
6,205,110,Games
9,3,0,Games
9,125,0,Games
8,239,18639.45,Games
7,341,700,Games
8,86,120,Games
6,179,15,Games
11,45,0,Games
12,925,553,Games
8,417,360,Games
11,101,0,Games
0,39,7,Games
10,1129,26023.27,Games
10,169,6010,Games
3,368,143,Games
10,185,10529.5,Games
8,136,0,Games
10,185,1945,Games
6,498,13703,Games
6,390,25256.75,Games
6,154,6551,Games
14,57,0,Games
9,97,1158,Games
13,295,4551,Games
6,87,10,Journalism
10,67,0,Journalism
5,67,0,Journalism
11,128,11200.11,Journalism
8,118,72,Journalism
10,106,0,Journalism
7,201,1478,Journalism
11,125,75,Journalism
7,150,522,Journalism
7,79,0,Journalism
11,49,0,Journalism
11,141,390,Journalism
8,154,1945,Journalism
4,44,0,Journalism
10,144,136,Journalism
7,99,6402.99,Journalism
6,299,2981.58,Journalism
13,120,500,Journalism
5,52,260,Journalism
9,67,85,Journalism
3,161,155,Journalism
10,47,0,Journalism
8,58,520,Journalism
7,72,0,Journalism
9,280,7,Journalism
9,147,1,Journalism
7,141,544,Journalism
9,176,0,Journalism
9,67,18,Journalism
7,130,5000.08,Journalism
10,104,395,Journalism
9,149,340,Journalism
14,36,0,Journalism
8,55,0,Journalism
5,48,0,Journalism
10,104,0,Journalism
11,306,7189,Journalism
7,82,100,Journalism
5,126,30,Journalism
8,91,100,Journalism
6,5,0,Journalism
5,95,0,Journalism
5,138,332.37,Journalism
10,60,3,Journalism
8,94,25,Journalism
10,387,11,Journalism
6,87,0,Journalism
8,83,0,Music
7,185,15496,Music
7,31,1310,Music
10,318,1099.77,Music
12,41,50,Music
10,268,1804,Music
11,71,462,Music
7,165,894,Music
9,86,4385,Music
12,254,6336,Music
6,70,835,Music
6,235,2227,Music
6,140,2860,Music
9,61,125,Music
3,236,2112.77,Music
7,188,3659,Music
5,273,10268.25,Music
11,59,0,Music
5,95,2470,Music
7,39,410,Music
12,284,36,Music
12,131,100,Music
6,78,20,Music
10,143,931.23,Music
3,151,649,Music
2,37,2525,Music
11,257,3780,Music
11,234,5040,Music
9,24,10,Music
8,100,2435,Music
13,171,2508.01,Music
9,295,1628,Music
6,59,320,Music
9,217,3963,Music
11,127,105,Music
8,336,13423.28,Music
3,44,55,Music
9,229,8149,Music
13,431,2821,Music
6,42,75,Music
12,149,0,Music
3,84,406,Music
2,24,0,Music
10,62,0,Music
9,100,858,Music
10,94,0,Music
7,104,1390,Music
12,227,3680,Music
11,1252,50,Music
13,17,30,Music
10,151,895,Music
11,199,201,Music
9,50,0,Music
6,139,112,Music
5,58,3131,Music
13,271,0,Music
8,35,3351.12,Music
9,90,2776,Music
6,93,0,Music
9,62,520,Music
7,0,0,Music
3,7,0,Music
5,195,25,Music
9,139,4525,Music
10,165,2550.33,Music
0,369,73199,Music
6,348,1800,Music
8,308,7000,Music
8,205,16001,Music
8,146,1794,Music
11,259,130,Music
10,52,1400,Music
11,292,10510,Music
8,184,592,Music
9,235,695,Music
10,6,945,Music
5,58,55,Music
8,114,600.66,Music
13,191,3886.77,Music
12,24,0,Music
10,65,2086,Music
7,64,3505,Music
10,123,485,Music
12,39,1090,Music
1,58,0,Music
6,48,5,Music
4,47,0,Music
10,219,10043,Music
11,179,4028.98,Music
9,439,15846,Music
4,62,205,Music
8,481,415,Music
9,189,870,Music
7,56,4210,Music
10,160,3840,Music
9,53,140,Music
13,67,840,Music
9,113,2180,Music
13,346,5006.61,Music
11,113,1910,Music
11,8,1,Music
8,165,2026,Music
11,82,2267,Music
5,258,4706,Music
8,118,57,Music
10,69,155,Music
10,271,2035.08,Music
7,144,810,Music
11,105,0,Music
7,422,4705.32,Music
12,256,980,Music
4,80,1000,Music
11,116,2399,Music
7,71,20,Music
9,305,323,Music
8,179,16645,Music
0,125,3835,Music
10,357,2608,Music
9,90,0,Music
12,42,0,Music
9,104,675,Music
2,449,0,Music
3,114,35,Music
8,50,20,Music
9,159,1356,Music
5,239,1135,Music
4,169,1671,Music
6,353,4288,Music
8,140,0,Music
10,112,2010,Music
1,51,136,Music
3,227,7394,Music
10,402,2335,Music
10,128,6085.5,Music
9,87,17205,Music
8,324,3097.01,Music
7,185,1692,Music
11,162,15,Music
13,583,7759.52,Music
11,79,6348.33,Music
11,83,310,Music
3,245,3085,Music
8,84,100,Music
9,454,39645.6,Music
7,32,0,Music
8,352,7822,Music
7,251,1175,Music
11,75,1000,Music
11,290,70,Music
11,292,2750.99,Music
13,67,6031,Music
11,170,50,Music
12,70,950,Music
12,115,140,Music
10,222,849,Music
11,671,3931.5,Music
10,170,210,Music
13,238,5,Music
13,24,50,Music
6,87,0,Music
10,155,2837,Music
6,554,4055,Music
3,234,0,Music
6,255,282,Music
6,225,735,Music
9,203,3200,Music
6,709,2222,Music
7,76,675,Music
6,132,335,Music
12,129,75,Music
1,120,1215,Music
10,41,5043,Music
10,237,248.24,Music
12,70,270,Music
6,124,3700,Music
12,154,3088,Music
9,63,0,Music
7,107,4307,Music
10,68,1560,Music
12,236,0,Music
7,157,480,Music
14,96,230,Music
11,117,170,Music
6,139,864,Music
8,118,20,Music
2,304,50,Music
8,401,3000,Music
6,25,50,Music
10,485,2722,Music
5,60,2121,Music
8,113,2520.49,Music
6,287,471,Music
8,217,0,Music
15,178,8690,Music
4,78,3000,Music
8,468,7001,Music
2,119,9675,Music
10,106,2962,Music
3,312,150188.02,Music
6,325,10729.36,Music
9,100,22580,Music
13,14,20,Music
11,256,1550,Music
7,167,14000,Music
13,140,10230.59,Music
11,57,400,Music
11,35,1235,Music
4,102,1660,Music
9,77,0,Music
13,179,18764.12,Music
11,110,1995,Music
4,168,1586,Music
7,84,0,Music
10,69,0,Music
10,35,2380,Music
11,112,1325,Music
7,67,0,Music
6,110,5121,Music
14,167,3275,Music
4,154,4375,Music
3,143,1435,Music
0,36,0,Music
9,106,5680,Music
12,220,2647,Music
8,116,978,Music
9,111,0,Music
11,134,311,Music
7,156,2440,Music
12,181,5480,Music
10,56,2115,Music
10,202,66,Music
8,274,5573.01,Music
10,52,0,Music
3,117,2100,Music
7,170,12650,Music
7,207,8478.88,Music
7,110,0,Music
1,63,1434,Music
7,152,8871.55,Music
9,41,0,Music
2,66,0,Music
8,74,2915,Music
12,193,0,Music
11,41,0,Music
10,50,195,Music
9,62,5778,Music
5,93,150,Music
7,278,4677,Music
10,179,2716,Music
8,169,145,Music
15,35,0,Music
4,48,940.69,Music
8,130,0,Music
8,146,736,Music
6,67,3685,Music
8,409,75,Music
5,471,20498,Music
6,83,1275,Music
10,69,3640,Music
4,474,5661,Music
12,285,2345,Music
5,76,370.66,Music
12,78,281,Music
9,143,0,Music
4,156,3505,Music
6,278,531,Music
0,1,10,Music
10,187,240,Music
4,389,17066.12,Music
12,45,1100,Music
2,97,3812,Music
8,33,0,Music
7,149,340,Music
6,177,19102.94,Music
7,476,64749.01,Music
11,137,1240,Music
10,419,5518,Music
12,161,7266.41,Music
7,192,735,Music
8,18,0,Music
8,20,125,Music
5,170,10840.63,Music
9,146,3678,Music
0,103,465,Music
10,106,22052,Music
9,106,110,Music
6,142,971.03,Music
5,85,0,Music
4,125,230,Music
8,134,68,Music
11,77,240,Music
8,134,3068,Music
2,42,1205,Music
2,70,0,Music
10,90,12300.32,Music
6,256,11387.71,Music
12,73,700,Music
6,72,0,Music
9,242,11004,Music
11,31,170,Music
10,19,0,Music
3,242,4218.06,Music
10,892,25817,Music
7,95,6,Music
6,345,265,Music
1,68,50,Music
8,381,1350,Music
5,267,5237,Music
0,178,520,Music
7,208,340,Music
11,151,966,Music
10,208,31310,Music
11,570,30,Music
13,72,20,Music
5,256,200,Music
13,245,128378.49,Music
4,88,0,Music
10,46,3058,Music
9,125,3065,Music
10,392,5126,Music
9,60,0,Music
7,128,208,Music
8,53,0,Music
11,52,250,Music
4,134,60,Music
10,6,0,Music
10,142,1342,Music
11,185,3887.76,Music
11,111,0,Music
9,99,100,Music
6,36,0,Music
5,162,14105,Music
13,1,0,Music
14,197,13050,Music
8,139,2812,Music
6,296,4667,Music
15,135,5136,Music
10,44,25,Music
8,38,0,Music
12,55,2505,Music
4,27,0,Music
7,147,665,Music
10,271,7302,Music
7,525,921,Music
4,328,10290,Music
12,123,235,Music
11,108,2691,Music
4,135,8800,Music
9,137,0,Music
7,1,300,Music
8,164,0,Music
10,434,8257.77,Music
14,255,14660.78,Photography
9,318,9146,Photography
7,164,4707,Photography
10,73,0,Photography
10,258,1038,Photography
7,61,770,Photography
12,565,24801,Photography
7,94,429,Photography
10,60,1,Photography
8,34,0,Photography
8,251,5786,Photography
10,183,0,Photography
6,371,9694,Photography
9,165,1530,Photography
6,95,25,Photography
8,327,13321,Photography
9,179,5991.11,Photography
8,176,20491,Photography
2,76,7053,Photography
7,344,0,Photography
12,143,625,Photography
6,117,2935,Photography
4,178,6089,Photography
5,36,50,Photography
9,57,0,Photography
9,46,10,Photography
6,357,33132,Photography
8,39,0,Photography
8,80,20,Photography
10,21,0,Photography
8,290,23841,Photography
9,80,55,Photography
7,19,0,Photography
6,173,0,Photography
6,181,1505,Photography
8,20,0,Photography
5,95,100,Photography
10,24,300,Photography
10,80,0,Photography
8,406,9100,Photography
6,34,0,Photography
7,199,14424,Photography
4,114,700,Photography
9,68,5,Photography
10,5,0,Photography
7,10,25,Photography
11,118,1,Photography
5,131,28,Photography
10,241,0,Photography
6,372,1671,Photography
12,44,250,Photography
0,245,4834,Photography
12,151,2052,Photography
8,146,55,Photography
8,365,1155,Photography
9,86,9132,Photography
11,189,480,Photography
9,22,50,Photography
12,141,60,Photography
6,26,121,Photography
3,31,0,Photography
4,79,220,Photography
5,64,0,Photography
10,18,25,Photography
10,385,3385,Photography
9,277,7065,Photography
4,7,5,Photography
5,62,0,Photography
6,540,6783,Photography
7,1087,12001.5,Photography
12,66,0,Photography
8,358,6755,Photography
8,250,1209,Photography
9,205,4246,Photography
4,132,18066,Photography
7,142,12954,Photography
3,161,5626,Photography
10,2130,16165.6,Photography
3,962,0,Photography
5,93,500,Photography
6,382,16400,Photography
6,184,10,Photography
8,29,17,Photography
10,1,0,Photography
7,248,50,Photography
5,456,3911,Photography
10,143,591,Photography
5,18,0,Photography
10,117,220,Photography
4,163,4907,Photography
8,23,100,Photography
6,80,620,Photography
9,328,1395,Photography
8,63,0,Photography
10,458,100,Photography
10,67,0,Photography
5,239,20800,Photography
5,489,1185,Photography
10,1,1,Photography
6,291,10075.28,Photography
5,96,27699.57,Photography
10,125,2580,Photography
9,27,0,Photography
5,207,6299,Photography
8,74,0,Photography
7,176,616,Photography
14,25,12,Photography
4,290,125305,Photography
10,329,460,Publishing
8,482,284,Publishing
12,469,8666,Publishing
5,303,76254,Publishing
9,329,11622,Publishing
8,241,7034,Publishing
9,288,0,Publishing
5,73,0,Publishing
11,68,0,Publishing
11,1176,5,Publishing
9,225,185,Publishing
12,90,1206,Publishing
13,370,3610,Publishing
9,15,131,Publishing
13,68,0,Publishing
7,95,2135,Publishing
9,73,0,Publishing
5,325,4865,Publishing
12,221,1761,Publishing
12,89,6425,Publishing
11,439,6521,Publishing
6,134,0,Publishing
5,235,259,Publishing
8,119,0,Publishing
12,208,0,Publishing
8,538,5828,Publishing
4,13,0,Publishing
12,21,15,Publishing
12,158,0,Publishing
5,56,20,Publishing
8,338,1260,Publishing
9,430,2146,Publishing
12,37,5,Publishing
11,158,2,Publishing
5,166,2360,Publishing
0,141,1035,Publishing
8,85,10,Publishing
7,362,14056,Publishing
9,87,161,Publishing
8,342,1490,Publishing
10,149,0,Publishing
9,255,2565,Publishing
10,261,66,Publishing
4,79,582,Publishing
9,124,27456.2,Publishing
10,42,0,Publishing
10,132,0,Publishing
10,62,0,Publishing
9,342,24461.01,Publishing
4,96,1165,Publishing
4,87,124,Publishing
3,69,30,Publishing
4,531,0,Publishing
8,82,0,Publishing
10,221,525,Publishing
0,100,0,Publishing
1,171,25,Publishing
10,192,2425,Publishing
9,1732,0,Publishing
5,64,50,Publishing
10,381,6743.22,Publishing
6,112,875,Publishing
10,339,1,Publishing
7,260,21,Publishing
7,155,0,Publishing
9,225,1834,Publishing
7,133,5,Publishing
6,122,55,Publishing
8,226,800,Publishing
10,357,1344,Publishing
13,76,0,Publishing
3,108,848,Publishing
8,139,0,Publishing
4,108,25,Publishing
5,318,13,Publishing
12,534,480,Publishing
10,162,2,Publishing
5,31,0,Publishing
9,297,3260,Publishing
10,127,217,Publishing
10,108,30,Publishing
4,210,423,Publishing
7,100,1403,Publishing
6,84,25,Publishing
11,387,765,Publishing
9,280,0,Publishing
2,153,1970,Publishing
12,169,935,Publishing
5,57,250,Publishing
7,174,40240.01,Publishing
9,136,450,Publishing
9,395,237,Publishing
4,89,20,Publishing
14,139,3026,Publishing
10,83,0,Publishing
3,124,60,Publishing
12,640,1727,Publishing
11,85,80,Publishing
6,105,9,Publishing
11,125,7157.01,Publishing
8,147,85,Publishing
10,139,140,Publishing
7,49,1795,Publishing
7,852,9073,Publishing
12,40,0,Publishing
7,326,54,Publishing
6,343,1911,Publishing
9,84,0,Publishing
11,157,305,Publishing
3,217,855,Publishing
7,258,2198,Publishing
10,131,225,Publishing
10,175,5101,Publishing
10,383,2732,Publishing
5,184,22430,Publishing
8,38,0,Publishing
9,52,100,Publishing
6,199,513,Publishing
10,113,0,Publishing
10,91,240,Publishing
8,205,20,Publishing
1,97,4154,Publishing
7,36,0,Publishing
6,412,653.5,Publishing
6,4,0,Publishing
7,144,170,Publishing
12,293,0,Publishing
1,297,4391,Publishing
5,45,0,Publishing
7,556,5473,Publishing
6,242,0,Publishing
7,1615,44350.51,Publishing
11,172,100,Publishing
9,201,700.64,Publishing
8,20,55,Publishing
9,22,0,Publishing
8,143,2180,Publishing
5,163,1141.44,Publishing
4,285,2203,Publishing
11,182,15708.01,Publishing
11,91,701,Publishing
8,217,1495,Publishing
9,35,200,Publishing
6,182,205,Publishing
10,228,6052,Publishing
4,86,225,Publishing
10,45,0,Publishing
14,158,378,Publishing
9,253,640,Publishing
11,45,165,Publishing
10,177,5353.13,Publishing
9,158,240,Publishing
8,76,5,Publishing
7,361,23504,Publishing
9,358,23583,Publishing
12,77,0,Publishing
8,321,10500,Publishing
13,251,987,Publishing
7,64,6492.92,Publishing
5,186,5,Publishing
9,19,0,Publishing
11,323,1047,Publishing
12,347,57,Publishing
1,66,6,Publishing
5,106,477,Publishing
10,214,265,Publishing
9,120,1782,Publishing
8,39,150,Publishing
5,297,1905,Publishing
6,36,50,Publishing
1,158,3719,Publishing
8,136,350,Publishing
4,151,3860,Publishing
9,264,0,Publishing
12,447,256,Publishing
2,102,1040,Publishing
7,163,12,Publishing
7,285,54381.21,Publishing
13,80,0,Publishing
13,544,151,Publishing
7,139,3393,Publishing
5,196,4300,Publishing
12,166,0,Publishing
11,71,27,Publishing
10,148,16246,Publishing
8,71,3140.33,Publishing
8,120,0,Publishing
6,429,261,Publishing
11,78,50,Publishing
10,442,34676,Publishing
13,335,735,Publishing
3,76,6121,Publishing
8,72,0,Publishing
4,194,1360,Publishing
6,2,40,Publishing
5,174,6271,Publishing
7,191,6538,Publishing
6,56,2,Publishing
10,348,8870,Publishing
6,869,0,Publishing
9,137,140,Publishing
10,463,587,Publishing
8,415,3257,Publishing
4,442,4748,Publishing
8,174,56,Publishing
14,95,453,Publishing
5,86,0,Publishing
10,273,25,Publishing
4,320,1284,Publishing
10,187,44945,Publishing
10,73,208,Publishing
10,160,282,Publishing
10,231,1495,Publishing
8,515,361,Publishing
11,112,0,Publishing
9,68,385,Publishing
8,86,3,Publishing
10,123,893,Publishing
7,163,342,Publishing
6,80,0,Publishing
9,531,9145,Publishing
8,256,7891,Publishing
11,140,133354.84,Publishing
8,107,0,Publishing
12,132,752,Publishing
9,55,0,Publishing
9,448,26004,Publishing
5,155,100,Publishing
9,103,371.9,Publishing
7,30,35,Publishing
8,97,0,Publishing
14,54,70,Publishing
10,427,55,Publishing
10,224,2801,Publishing
5,169,0,Publishing
7,323,280,Publishing
6,99,665,Publishing
9,163,404,Publishing
11,248,0,Publishing
7,338,7800,Publishing
11,109,2,Publishing
8,199,100,Publishing
10,344,458,Publishing
9,202,9378,Publishing
11,225,1675,Publishing
3,100,311,Publishing
4,21,0,Publishing
7,80,0,Publishing
10,202,512,Publishing
8,154,280,Publishing
9,174,290,Publishing
10,13,40,Publishing
15,988,373,Publishing
9,48,50,Publishing
12,569,2452,Publishing
7,175,1737,Publishing
10,339,0,Publishing
13,53,0,Publishing
10,314,1541,Publishing
8,83,438,Publishing
7,163,588,Publishing
5,316,3459,Publishing
11,438,225,Publishing
8,81,820,Publishing
11,295,203,Publishing
1,9,285,Publishing
9,116,0,Publishing
13,442,150,Publishing
8,344,61,Publishing
7,67,100,Publishing
9,221,8021,Publishing
2,186,493,Publishing
6,221,1170,Publishing
15,163,0,Publishing
6,115,0,Publishing
10,30,10,Publishing
6,62,3530,Publishing
12,58,112,Publishing
12,207,942,Publishing
8,250,1,Publishing
10,43,0,Publishing
4,618,100,Publishing
10,166,3001,Publishing
7,275,432,Publishing
6,122,200,Publishing
13,615,11529,Publishing
9,127,546,Publishing
11,604,4866,Publishing
7,47,95,Publishing
9,478,9323.66,Publishing
4,228,10679.62,Publishing
8,398,25,Publishing
7,129,105,Publishing
11,60,15,Publishing
6,261,50,Publishing
7,2013,500,Publishing
4,290,2165,Publishing
12,150,0,Publishing
7,252,0,Publishing
6,122,0,Publishing
12,626,3060,Publishing
10,508,11105,Publishing
9,88,0,Publishing
7,358,110,Publishing
10,102,1493,Publishing
8,565,4125,Publishing
12,304,367,Publishing
13,65,0,Publishing
10,145,58520.2,Publishing
10,489,1247,Publishing
13,121,1746,Publishing
12,248,9354,Publishing
11,193,500,Publishing
6,177,16107.77,Publishing
6,28,0,Publishing
8,1217,615,Publishing
4,276,1173,Publishing
8,93,0,Publishing
3,141,417,Publishing
9,39,850.12,Publishing
8,37,600,Publishing
10,90,1875,Publishing
4,380,19142,Publishing
12,144,770,Publishing
12,369,1151,Publishing
12,185,730,Publishing
10,62,25,Publishing
8,183,2039,Publishing
7,145,34,Publishing
6,324,2255,Publishing
8,297,11376,Publishing
10,81,17174,Publishing
5,75,418,Publishing
11,67,245,Publishing
7,333,47978,Publishing
8,30,0,Publishing
9,39,370,Publishing
6,144,10136,Publishing
8,94,60,Publishing
9,381,0,Publishing
8,166,0,Publishing
10,105,1360.25,Publishing
10,69,0,Technology
10,148,0,Technology
10,73,0,Technology
12,156,19152,Technology
10,282,320,Technology
12,86,0,Technology
12,323,3,Technology
6,59,0,Technology
10,19,0,Technology
6,877,898921.03,Technology
3,231,113548,Technology
9,113,1969,Technology
5,91,0,Technology
7,108,0,Technology
7,376,115067.72,Technology
6,205,8,Technology
8,375,54,Technology
11,383,4048,Technology
10,261,3,Technology
8,42,0,Technology
11,776,51,Technology
11,327,8169,Technology
12,265,2636,Technology
8,292,305,Technology
5,489,33987.34,Technology
6,246,581,Technology
9,158,0,Technology
11,107,570,Technology
11,582,63841.95,Technology
9,154,170,Technology
11,29,1,Technology
1,52,70,Technology
6,246,96396,Technology
7,124,0,Technology
2,132,0,Technology
5,429,3927,Technology
5,116,0,Technology
8,416,30,Technology
10,675,8983,Technology
10,167,0,Technology
4,41,26,Technology
9,275,26,Technology
6,319,3,Technology
11,895,610,Technology
10,109,3048,Technology
9,79,2,Technology
9,111,1044,Technology
10,764,96799.5,Technology
13,217,592,Technology
8,188,15931,Technology
7,120,2022,Technology
8,120,1,Technology
8,35,230,Technology
4,132,0,Technology
4,922,8325.5,Technology
0,367,4661,Technology
9,216,1072,Technology
11,122,1,Technology
11,315,556541.6,Technology
8,177,2465.58,Technology
9,27,162,Technology
8,681,2491,Technology
9,41,411,Technology
4,172,9321,Technology
9,17,261,Technology
11,136,8283.83,Technology
8,445,972,Technology
8,43,0,Technology
12,171,4195,Technology
11,200,0,Technology
10,1055,0,Technology
12,646,2206,Technology
7,253,35,Technology
7,276,1776,Technology
5,288,131,Technology
11,68,1550,Technology
7,42,0,Technology
14,70,0,Technology
12,5,20.08,Technology
9,85,0,Technology
5,85,0,Technology
10,1077,106330.39,Technology
10,93,530,Technology
4,67,5,Technology
11,60,0,Technology
8,37,0,Technology
7,94,0,Technology
9,269,7012.5,Technology
10,52,0,Technology
13,295,1746,Technology
4,46,20580,Technology
8,79,30,Technology
6,221,46,Technology
7,104,193041,Technology
10,92,115,Technology
12,459,9103,Technology
7,13,540,Technology
9,100,0,Technology
13,98,35833,Technology
7,800,18844,Technology
8,322,111,Technology
3,96,0,Technology
13,162,5,Technology
11,140,150,Technology
10,97,147,Technology
12,198,40168,Technology
6,175,1,Technology
8,71,106,Technology
7,208,1,Technology
9,95,0,Technology
9,211,10300,Technology
5,140,242,Technology
8,325,0,Technology
12,25,40,Technology
10,1459,215438.57,Technology
2,89,11,Technology
9,104,0,Technology
11,1241,3546,Technology
7,70,0,Technology
5,203,9967,Technology
8,389,2,Technology
5,657,82,Technology
12,446,175825,Technology
7,684,46682,Technology
8,41,35,Technology
5,316,26458.62,Technology
7,542,14502,Technology
10,128,0,Technology
8,100,0,Technology
11,38,5,Technology
13,150,0,Technology
7,69,16,Technology
12,410,963,Technology
7,90,0,Technology
13,523,5254.97,Technology
8,286,33632,Technology
6,203,27,Technology
10,603,104791,Technology
9,167,125,Technology
8,203,3361.5,Technology
9,244,9862,Technology
11,505,39785,Technology
9,151,325,Technology
6,500,568106.13,Technology
5,179,0,Technology
9,441,98,Technology
8,154,22709,Technology
8,459,731690.21,Technology
9,244,200,Technology
8,128,13954.71,Technology
12,68,30,Technology
14,246,575,Technology
2,40,2,Technology
10,125,1656,Technology
10,11,13487,Technology
15,68,0,Technology
0,103,1729,Technology
11,224,101,Technology
12,90,35,Technology
7,167,1355,Technology
5,348,15595.51,Technology
10,235,11844,Technology
9,146,1051,Technology
9,269,874,Technology
7,309,283,Technology
10,42,0,Technology
7,254,353,Technology
7,326,1935,Technology
6,104,25,Technology
8,40,1,Technology
9,263,11655,Technology
7,280,31988.55,Technology
11,1222,0,Technology
10,106,1,Technology
11,96,0,Technology
6,30,8,Technology
4,72,4562,Technology
10,168,7821,Technology
12,463,3541,Technology
9,140,30,Technology
11,102,0,Technology
9,155,50254.11,Technology
11,278,346,Technology
9,697,7509.19,Technology
7,95,0,Technology
12,115,50,Technology
10,125,1010,Technology
10,123,37806,Technology
8,63,0,Technology
12,180,0,Technology
10,172,636,Technology
4,388,13293,Technology
9,356,1421.01,Technology
8,268,1036,Technology
9,859,2470,Technology
7,134,125,Technology
9,181,0,Technology
6,86,0,Technology
9,123,25,Technology
10,723,1505366.6,Technology
10,266,12443.9,Technology
9,137,0,Technology
7,635,2256,Technology
11,901,16049,Technology
6,260,0,Technology
12,354,2476,Technology
1,281,58515,Technology
6,86,0,Technology
12,87,925,Technology
7,130,22,Technology
8,266,232826,Technology
9,283,0,Technology
6,107,3599,Technology
8,331,1720,Technology
9,159,517,Technology
14,558,100,Technology
7,116,111,Technology
10,2,0,Technology
7,1266,128181.89,Technology
7,234,952,Technology
1,242,0,Technology
1,50,14834,Technology
8,459,25208,Technology
9,309,4898,Technology
5,95,1,Technology
2,120,750,Technology
6,1035,1368177.35,Technology
1,63,0,Technology
9,103,0,Technology
10,496,906,Technology
6,12,131,Technology
8,112,0,Technology
1,72,0,Technology
14,57,0,Technology
9,559,18630,Technology
8,95,0,Technology
10,33,3,Technology
10,232,336271.05,Technology
12,368,10500,Technology
8,410,17665,Technology
11,410,525,Technology
9,237,109,Technology
6,112,7369,Technology
6,126,0,Technology
7,373,10704.45,Technology
14,82,1344.01,Technology
10,238,4067,Technology
11,242,0,Technology
11,40,125,Technology
9,87,966,Technology
9,263,460,Technology
9,349,0,Technology
12,1,2388,Technology
10,72,5178,Technology
10,100,1110,Technology
7,127,0,Technology
8,188,506,Technology
4,203,908,Technology
11,436,12960,Technology
11,196,2495,Technology
8,122,1,Technology
10,204,40,Technology
10,168,1779.19,Technology
11,106,351,Technology
12,61,0,Technology
9,765,687116,Technology
9,368,11689,Technology
12,214,100,Technology
2,187,546,Technology
10,207,4035.46,Technology
1,25,32,Technology
6,399,40071,Technology
0,0,25,Technology
6,562,1926,Technology
4,238,190,Technology
13,305,130,Technology
12,66,0,Technology
11,379,183449.14,Technology
7,142,0,Technology
6,26,1,Technology
6,82,85,Technology
12,100,135,Technology
9,159,5,Technology
10,232,5485,Technology
11,622,153641,Technology
7,180,440,Technology
8,372,13740,Technology
10,197,160,Technology
8,51,21,Technology
10,194,2345,Technology
14,312,306,Technology
7,172,185,Technology
6,250,188786.97,Technology
9,57,0,Technology
8,42,0,Technology
2,852,4304,Technology
14,299,21514,Technology
9,105,2053,Technology
6,580,30231,Technology
11,94,703,Technology
10,123,50,Technology
7,418,17305.96,Technology
10,101,3636,Technology
8,104,1187,Technology
8,40,1080,Technology
10,100,1344,Technology
11,107,900,Technology
7,254,13886,Technology
11,309,4666,Technology
0,78,0,Technology
11,24,0,Technology
2,551,1,Technology
7,691,1606,Technology
8,162,0,Technology
9,46,10,Technology
7,191,5,Technology
10,492,1548,Technology
11,259,1963,Technology
14,609,2128,Technology
7,144,64,Technology
9,587,2613,Technology
10,185,105,Technology
3,64,0,Technology
10,294,30,Technology
7,220,10,Technology
9,539,5480,Technology
7,385,333,Technology
10,192,2047,Technology
11,55,0,Technology
12,190,3835,Technology
11,60,11,Technology
13,505,25509.78,Technology
7,59,20,Technology
13,218,2457,Technology
12,315,3343,Technology
13,1532,22403,Technology
12,136,0,Technology
11,676,0,Technology
8,369,19321,Theater
8,231,4833,Theater
3,77,0,Theater
7,34,0,Theater
6,221,975,Theater
6,30,0,Theater
11,231,4256.11,Theater
11,80,935,Theater
6,84,2300.12,Theater
8,175,1045,Theater
12,56,0,Theater
4,55,0,Theater
8,358,50,Theater
7,129,9317,Theater
8,94,3145,Theater
10,105,890,Theater
6,49,4108,Theater
7,283,1377,Theater
5,235,37,Theater
9,142,8092,Theater
7,59,1126,Theater
10,24,0,Theater
11,93,4733,Theater
4,204,15053,Theater
8,64,301,Theater
12,88,1220,Theater
6,340,2404,Theater
5,357,10050,Theater
6,49,100,Theater
11,128,649,Theater
3,230,154,Theater
5,83,3553.62,Theater
8,210,967,Theater
4,188,0,Theater
10,19,25,Theater
6,100,10615,Theater
6,156,0,Theater
6,443,5440,Theater
7,207,300,Theater
6,392,2245,Theater
10,105,2788,Theater
7,301,375,Theater
12,76,2832,Theater
9,122,8902,Theater
5,288,520,Theater
10,232,25,Theater
7,122,2085,Theater
11,159,710.67,Theater
9,112,300,Theater
10,213,420,Theater
7,203,46022.01,Theater
3,52,390,Theater
10,17,0,Theater
8,90,6374,Theater
6,187,4063,Theater
